{"degree_name": "Art History and Art Conservation", "degree_link": "https://www.queensu.ca/academic-calendar/arts-science/schools-departments-programs/art-history-conservation/"}
{"degree_name": "Arts & Science Professional Internship Program", "degree_link": "https://www.queensu.ca/academic-calendar/arts-science/schools-departments-programs/arts-science-professional-internship-program/"}
{"degree_name": "Biochemistry", "degree_link": "https://www.queensu.ca/academic-calendar/arts-science/schools-departments-programs/biochemistry/"}
{"degree_name": "Biology", "degree_link": "https://www.queensu.ca/academic-calendar/arts-science/schools-departments-programs/biology/"}
{"degree_name": "Chemistry", "degree_link": "https://www.queensu.ca/academic-calendar/arts-science/schools-departments-programs/chemistry/"}
{"degree_name": "Classics and Archaeology", "degree_link": "https://www.queensu.ca/academic-calendar/arts-science/schools-departments-programs/classics/"}
{"degree_name": "Computing", "degree_link": "https://www.queensu.ca/academic-calendar/arts-science/schools-departments-programs/computing/"}
{"degree_name": "Drama and Music", "degree_link": "https://www.queensu.ca/academic-calendar/arts-science/schools-departments-programs/drama-music/"}
{"degree_name": "Economics", "degree_link": "https://www.queensu.ca/academic-calendar/arts-science/schools-departments-programs/economics/"}
{"degree_name": "Employment Relations", "degree_link": "https://www.queensu.ca/academic-calendar/arts-science/schools-departments-programs/employment-relations/"}
{"degree_name": "English", "degree_link": "https://www.queensu.ca/academic-calendar/arts-science/schools-departments-programs/english/"}
{"degree_name": "Environmental Studies", "degree_link": "https://www.queensu.ca/academic-calendar/arts-science/schools-departments-programs/environmental-studies/"}
{"degree_name": "Film and Media", "degree_link": "https://www.queensu.ca/academic-calendar/arts-science/schools-departments-programs/film-media/"}
{"degree_name": "Fine Art", "degree_link": "https://www.queensu.ca/academic-calendar/arts-science/schools-departments-programs/fine-art/"}
{"degree_name": "French Studies", "degree_link": "https://www.queensu.ca/academic-calendar/arts-science/schools-departments-programs/french-studies/"}
{"degree_name": "Gender Studies", "degree_link": "https://www.queensu.ca/academic-calendar/arts-science/schools-departments-programs/gender-studies/"}
{"degree_name": "Geography and Planning", "degree_link": "https://www.queensu.ca/academic-calendar/arts-science/schools-departments-programs/geography-planning/"}
{"degree_name": "Geological Sciences and Geological Engineering", "degree_link": "https://www.queensu.ca/academic-calendar/arts-science/schools-departments-programs/geological-sciences-engineering/"}
{"degree_name": "Global Development Studies", "degree_link": "https://www.queensu.ca/academic-calendar/arts-science/schools-departments-programs/global-development-studies/"}
{"degree_name": "History", "degree_link": "https://www.queensu.ca/academic-calendar/arts-science/schools-departments-programs/history/"}
{"degree_name": "International Studies", "degree_link": "https://www.queensu.ca/academic-calendar/arts-science/schools-departments-programs/international-studies/"}
{"degree_name": "Jewish Studies", "degree_link": "https://www.queensu.ca/academic-calendar/arts-science/schools-departments-programs/jewish-studies/"}
{"degree_name": "Kinesiology and Health Studies", "degree_link": "https://www.queensu.ca/academic-calendar/arts-science/schools-departments-programs/kinesiology-health-studies/"}
{"degree_name": "Languages, Literatures and Cultures", "degree_link": "https://www.queensu.ca/academic-calendar/arts-science/schools-departments-programs/languages-literatures-cultures/"}
{"degree_name": "Liberal Studies", "degree_link": "https://www.queensu.ca/academic-calendar/arts-science/schools-departments-programs/liberal-studies/"}
{"degree_name": "Life Sciences", "degree_link": "https://www.queensu.ca/academic-calendar/arts-science/schools-departments-programs/life-sciences/"}
{"degree_name": "Mathematics and Statistics", "degree_link": "https://www.queensu.ca/academic-calendar/arts-science/schools-departments-programs/mathematics-statistics/"}
{"degree_name": "Philosophy", "degree_link": "https://www.queensu.ca/academic-calendar/arts-science/schools-departments-programs/philosophy/"}
{"degree_name": "Physics, Engineering Physics and Astronomy", "degree_link": "https://www.queensu.ca/academic-calendar/arts-science/schools-departments-programs/physics-engineering-astronomy/"}
{"degree_name": "Political Studies", "degree_link": "https://www.queensu.ca/academic-calendar/arts-science/schools-departments-programs/political-studies/"}
{"degree_name": "Psychology", "degree_link": "https://www.queensu.ca/academic-calendar/arts-science/schools-departments-programs/psychology/"}
{"degree_name": "Religion", "degree_link": "https://www.queensu.ca/academic-calendar/arts-science/schools-departments-programs/religious-studies/"}
{"degree_name": "Sociology", "degree_link": "https://www.queensu.ca/academic-calendar/arts-science/schools-departments-programs/sociology/"}
