{"degree_name": "Art History and Art Conservation", "program_name": "Computing and the Creative Arts - Specialization (Arts) \u2013 Bachelor of Arts (Honours)", "program_link": "https://www.queensu.ca/academic-calendar/arts-science/schools-departments-programs/art-history-conservation/computing-creative-arts-specialization-ba-honours/"}
{"degree_name": "Art History and Art Conservation", "program_name": "Art History \u2013 Major (Arts) \u2013 Bachelor of Arts (Honours)", "program_link": "https://www.queensu.ca/academic-calendar/arts-science/schools-departments-programs/art-history-conservation/art-history-major-arts-ba-honours/"}
{"degree_name": "Art History and Art Conservation", "program_name": "Art History \u2013 Joint Honours (Arts) \u2013 Bachelor of Arts (Honours)", "program_link": "https://www.queensu.ca/academic-calendar/arts-science/schools-departments-programs/art-history-conservation/art-history-medial-arts-ba-honours/"}
{"degree_name": "Art History and Art Conservation", "program_name": "Art History \u2013 General (Arts) \u2013 Bachelor of Arts", "program_link": "https://www.queensu.ca/academic-calendar/arts-science/schools-departments-programs/art-history-conservation/art-history-general-arts-ba/"}
{"degree_name": "Art History and Art Conservation", "program_name": "Art History \u2013 Minor (Arts)", "program_link": "https://www.queensu.ca/academic-calendar/arts-science/schools-departments-programs/art-history-conservation/art-history-minor-arts/"}
{"degree_name": "Biochemistry", "program_name": "Biochemistry \u2013 Specialization (Science) \u2013 Bachelor of Science (Honours)", "program_link": "https://www.queensu.ca/academic-calendar/arts-science/schools-departments-programs/biochemistry/biochemistry-specialization-science-bs-honours/"}
{"degree_name": "Biochemistry", "program_name": "Biochemistry \u2013 Major (Science) \u2013 Bachelor of Science (Honours)", "program_link": "https://www.queensu.ca/academic-calendar/arts-science/schools-departments-programs/biochemistry/biochemistry-major-science-bs-honours/"}
{"degree_name": "Biochemistry", "program_name": "Biochemistry \u2013 General (Science) \u2013 Bachelor of Science", "program_link": "https://www.queensu.ca/academic-calendar/arts-science/schools-departments-programs/biochemistry/biochemistry-general-science-bs/"}
{"degree_name": "Biochemistry", "program_name": "Biochemistry \u2013 Minor (Science)", "program_link": "https://www.queensu.ca/academic-calendar/arts-science/schools-departments-programs/biochemistry/biochemistry-minor-science/"}
{"degree_name": "Biology", "program_name": "Biology and Mathematics \u2013 Specialization (Science) \u2013 Bachelor of Science (Honours)", "program_link": "https://www.queensu.ca/academic-calendar/arts-science/schools-departments-programs/biology/biology-mathematics-specialization-science-bs-honours/"}
{"degree_name": "Biology", "program_name": "Biology and Psychology \u2013 Specialization (Science) \u2013 Bachelor of Science (Honours)", "program_link": "https://www.queensu.ca/academic-calendar/arts-science/schools-departments-programs/biology/biology-psychology-specialization-science-bs-honours/"}
{"degree_name": "Biology", "program_name": "Biotechnology \u2013 Specialization (Science) \u2013 Bachelor of Science (Honours)", "program_link": "https://www.queensu.ca/academic-calendar/arts-science/schools-departments-programs/biology/biotechnology-specialization-science-bs-honours/"}
{"degree_name": "Biology", "program_name": "Environmental Biology \u2013 Specialization (Science) \u2013 Bachelor of Science (Honours)", "program_link": "https://www.queensu.ca/academic-calendar/arts-science/schools-departments-programs/biology/environmental-biology-specialization-science-bs-honours/"}
{"degree_name": "Biology", "program_name": "Biology \u2013 Major (Science) \u2013 Bachelor of Science (Honours)", "program_link": "https://www.queensu.ca/academic-calendar/arts-science/schools-departments-programs/biology/biology-major-science-bs-honours/"}
{"degree_name": "Biology", "program_name": "Biology \u2013 General (Arts) \u2013 Bachelor of Arts", "program_link": "https://www.queensu.ca/academic-calendar/arts-science/schools-departments-programs/biology/biology-general-arts-ba/"}
{"degree_name": "Biology", "program_name": "Biology \u2013 General (Science) \u2013 Bachelor of Science", "program_link": "https://www.queensu.ca/academic-calendar/arts-science/schools-departments-programs/biology/biology-general-science-bs/"}
{"degree_name": "Biology", "program_name": "Biology \u2013 Minor (Arts)", "program_link": "https://www.queensu.ca/academic-calendar/arts-science/schools-departments-programs/biology/biology-minor-arts/"}
{"degree_name": "Biology", "program_name": "Biology \u2013 Minor (Science)", "program_link": "https://www.queensu.ca/academic-calendar/arts-science/schools-departments-programs/biology/biology-minor-science/"}
{"degree_name": "Chemistry", "program_name": "Chemistry \u2013 Specialization (Science) \u2013 Bachelor of Science (Honours)", "program_link": "https://www.queensu.ca/academic-calendar/arts-science/schools-departments-programs/chemistry/chemistry-specialization-science-bs-honours/"}
{"degree_name": "Chemistry", "program_name": "Environmental Chemistry \u2013 Specialization (Science) \u2013 Bachelor of Science (Honours)", "program_link": "https://www.queensu.ca/academic-calendar/arts-science/schools-departments-programs/chemistry/environmental-chemistry-specialization-science-bs-honours/"}
{"degree_name": "Chemistry", "program_name": "Chemistry \u2013 Major (Science) \u2013 Bachelor of Science (Honours)", "program_link": "https://www.queensu.ca/academic-calendar/arts-science/schools-departments-programs/chemistry/chemistry-major-science-bs-honours/"}
{"degree_name": "Chemistry", "program_name": "Chemistry \u2013 General (Arts) \u2013 Bachelor of Arts", "program_link": "https://www.queensu.ca/academic-calendar/arts-science/schools-departments-programs/chemistry/chemistry-general-arts-ba/"}
{"degree_name": "Chemistry", "program_name": "Chemistry\u2013 General (Science) \u2013 Bachelor of Science", "program_link": "https://www.queensu.ca/academic-calendar/arts-science/schools-departments-programs/chemistry/chemistry-general-science-bs/"}
{"degree_name": "Chemistry", "program_name": "Chemistry \u2013 Minor (Arts)", "program_link": "https://www.queensu.ca/academic-calendar/arts-science/schools-departments-programs/chemistry/chemistry-minor-arts/"}
{"degree_name": "Chemistry", "program_name": "Chemistry \u2013 Minor (Science)", "program_link": "https://www.queensu.ca/academic-calendar/arts-science/schools-departments-programs/chemistry/chemistry-minor-science/"}
{"degree_name": "Classics and Archaeology", "program_name": "Classics and Archaeology \u2013 Specialization (Arts) \u2013 Bachelor of Arts (Honours)", "program_link": "https://www.queensu.ca/academic-calendar/arts-science/schools-departments-programs/classics/classics-specialization-arts-ba-honours/"}
{"degree_name": "Classics and Archaeology", "program_name": "Classics and Archaeology \u2013 Major (Arts) \u2013 Bachelor of Arts (Honours)", "program_link": "https://www.queensu.ca/academic-calendar/arts-science/schools-departments-programs/classics/classical-studies-major-arts-ba-honours/"}
{"degree_name": "Classics and Archaeology", "program_name": "Greek \u2013 Major (Arts) \u2013 Bachelor of Arts (Honours)", "program_link": "https://www.queensu.ca/academic-calendar/arts-science/schools-departments-programs/classics/greek-major-arts-ba-honours/"}
{"degree_name": "Classics and Archaeology", "program_name": "Latin \u2013 Major (Arts) \u2013 Bachelor of Arts (Honours)", "program_link": "https://www.queensu.ca/academic-calendar/arts-science/schools-departments-programs/classics/latin-major-arts-ba-honours/"}
{"degree_name": "Classics and Archaeology", "program_name": "Classics and Archaeology \u2013 Joint Honours (Arts) \u2013 Bachelor of Arts (Honours)", "program_link": "https://www.queensu.ca/academic-calendar/arts-science/schools-departments-programs/classics/classical-studies-medial-arts-ba-honours/"}
{"degree_name": "Classics and Archaeology", "program_name": "Greek \u2013 Joint Honours (Arts) \u2013 Bachelor of Arts (Honours)", "program_link": "https://www.queensu.ca/academic-calendar/arts-science/schools-departments-programs/classics/greek-medial-arts-ba-honours/"}
{"degree_name": "Classics and Archaeology", "program_name": "Latin \u2013 Joint Honours (Arts) \u2013 Bachelor of Arts (Honours)", "program_link": "https://www.queensu.ca/academic-calendar/arts-science/schools-departments-programs/classics/latin-medial-arts-ba-honours/"}
{"degree_name": "Classics and Archaeology", "program_name": "Classics and Archaeology \u2013 General (Arts) \u2013 Bachelor of Arts", "program_link": "https://www.queensu.ca/academic-calendar/arts-science/schools-departments-programs/classics/classical-studies-general-arts-ba/"}
{"degree_name": "Classics and Archaeology", "program_name": "Classics and Archaeology \u2013 Minor (Arts)", "program_link": "https://www.queensu.ca/academic-calendar/arts-science/schools-departments-programs/classics/classical-studies-minor-arts/"}
{"degree_name": "Classics and Archaeology", "program_name": "Greek \u2013 General (Arts) \u2013 Bachelor of Arts", "program_link": "https://www.queensu.ca/academic-calendar/arts-science/schools-departments-programs/classics/greek-general-arts-ba/"}
{"degree_name": "Classics and Archaeology", "program_name": "Greek \u2013 Minor (Arts)", "program_link": "https://www.queensu.ca/academic-calendar/arts-science/schools-departments-programs/classics/greek-minor-arts/"}
{"degree_name": "Classics and Archaeology", "program_name": "Latin \u2013 General (Arts) \u2013 Bachelor of Arts", "program_link": "https://www.queensu.ca/academic-calendar/arts-science/schools-departments-programs/classics/latin-general-arts-ba/"}
{"degree_name": "Classics and Archaeology", "program_name": "Latin \u2013 Minor (Arts)", "program_link": "https://www.queensu.ca/academic-calendar/arts-science/schools-departments-programs/classics/latin-minor-arts/"}
{"degree_name": "Computing", "program_name": "Biomedical Computing \u2013 Specialization (Computing) \u2013 Bachelor of Computing (Honours)", "program_link": "https://www.queensu.ca/academic-calendar/arts-science/schools-departments-programs/computing/biomedical-computing-specialization-computing-bc-honours/"}
{"degree_name": "Computing", "program_name": "Cognitive Science \u2013 Specialization (Computing) \u2013 Bachelor of Computing (Honours)", "program_link": "https://www.queensu.ca/academic-calendar/arts-science/schools-departments-programs/computing/cognitive-science-specialization-computing-bc-honours/"}
{"degree_name": "Computing", "program_name": "Computing and the Creative Arts - Specialization (Arts) \u2013 Bachelor of Arts (Honours)", "program_link": "https://www.queensu.ca/academic-calendar/arts-science/schools-departments-programs/computing/computing-creative-arts-specialization-arts-ba-honours/"}
{"degree_name": "Computing", "program_name": "Computing, Mathematics and Analytics \u2013 Specialization (Computing) \u2013 Bachelor of Computing (Honours)", "program_link": "https://www.queensu.ca/academic-calendar/arts-science/schools-departments-programs/computing/computing-mathematics-analytics-specialization-computing-bc-honours/"}
{"degree_name": "Computing", "program_name": "Computer Science \u2013 Specialization (Computing) \u2013 Bachelor of Computing (Honours)", "program_link": "https://www.queensu.ca/academic-calendar/arts-science/schools-departments-programs/computing/computer-science-specialization-computing-bc-honours/"}
{"degree_name": "Computing", "program_name": "Software Design \u2013 Specialization (Computing) \u2013 Bachelor of Computing (Honours)", "program_link": "https://www.queensu.ca/academic-calendar/arts-science/schools-departments-programs/computing/software-design-specialization-computing-bc-honours/"}
{"degree_name": "Computing", "program_name": "Computing \u2013 Major (Computing) \u2013 Bachelor of Computing (Honours)", "program_link": "https://www.queensu.ca/academic-calendar/arts-science/schools-departments-programs/computing/computing-major-computing-bc-honours/"}
{"degree_name": "Computing", "program_name": "Computing \u2013 General (Computing) \u2013 Bachelor of Computing", "program_link": "https://www.queensu.ca/academic-calendar/arts-science/schools-departments-programs/computing/computing-general-computing-bc/"}
{"degree_name": "Computing", "program_name": "Computing \u2013 General (Arts) \u2013 Bachelor of Arts", "program_link": "https://www.queensu.ca/academic-calendar/arts-science/schools-departments-programs/computing/computing-general-arts/"}
{"degree_name": "Computing", "program_name": "Computing \u2013 Minor (Arts)", "program_link": "https://www.queensu.ca/academic-calendar/arts-science/schools-departments-programs/computing/computing-minor-arts/"}
{"degree_name": "Computing", "program_name": "Computing - Minor (Science)", "program_link": "https://www.queensu.ca/academic-calendar/arts-science/schools-departments-programs/computing/computing-minor-science/"}
{"degree_name": "Computing", "program_name": "Data Analytics Certificate", "program_link": "https://www.queensu.ca/academic-calendar/arts-science/schools-departments-programs/computing/data-analytics-certificate/"}
{"degree_name": "Drama and Music", "program_name": "Computing and the Creative Arts \u2013 Specialization (Arts) \u2013 Bachelor of Arts (Honours)", "program_link": "https://www.queensu.ca/academic-calendar/arts-science/schools-departments-programs/drama-music/computing-creative-arts-specialization-arts-ba-honours/"}
{"degree_name": "Drama and Music", "program_name": "Media and Performance Production\u2013 Specialization (Arts) \u2013 Bachelor of Arts (Honours)", "program_link": "https://www.queensu.ca/academic-calendar/arts-science/schools-departments-programs/drama-music/media-performance-production-specialization-arts-ba-honours/"}
{"degree_name": "Drama and Music", "program_name": "Music \u2013 Specialization (Music) \u2013 Bachelor of Music", "program_link": "https://www.queensu.ca/academic-calendar/arts-science/schools-departments-programs/drama-music/music-specialization-music-bm/"}
{"degree_name": "Drama and Music", "program_name": "Drama \u2013 Major (Arts) \u2013 Bachelor of Arts (Honours)", "program_link": "https://www.queensu.ca/academic-calendar/arts-science/schools-departments-programs/drama-music/drama-major-arts-ba-honours/"}
{"degree_name": "Drama and Music", "program_name": "Music \u2013 Major (Arts) \u2013 Bachelor of Arts (Honours)", "program_link": "https://www.queensu.ca/academic-calendar/arts-science/schools-departments-programs/drama-music/music-major-arts-ba-honours/"}
{"degree_name": "Drama and Music", "program_name": "Drama \u2013 Joint Honours (Arts) \u2013 Bachelor of Arts (Honours)", "program_link": "https://www.queensu.ca/academic-calendar/arts-science/schools-departments-programs/drama-music/drama-medial-arts-ba-honours/"}
{"degree_name": "Drama and Music", "program_name": "Music \u2013 Joint Honours (Arts) \u2013 Bachelor of Arts (Honours)", "program_link": "https://www.queensu.ca/academic-calendar/arts-science/schools-departments-programs/drama-music/music-medial-arts-ba-honours/"}
{"degree_name": "Drama and Music", "program_name": "Drama \u2013 General (Arts) \u2013 Bachelor of Arts", "program_link": "https://www.queensu.ca/academic-calendar/arts-science/schools-departments-programs/drama-music/drama-general-arts-ba/"}
{"degree_name": "Drama and Music", "program_name": "Drama \u2013 Minor (Arts)", "program_link": "https://www.queensu.ca/academic-calendar/arts-science/schools-departments-programs/drama-music/drama-minor-arts/"}
{"degree_name": "Drama and Music", "program_name": "Music \u2013 General (Arts) \u2013 Bachelor of Arts", "program_link": "https://www.queensu.ca/academic-calendar/arts-science/schools-departments-programs/drama-music/music-general-arts-ba/"}
{"degree_name": "Drama and Music", "program_name": "Music \u2013 Minor (Arts)", "program_link": "https://www.queensu.ca/academic-calendar/arts-science/schools-departments-programs/drama-music/music-minor-arts/"}
{"degree_name": "Drama and Music", "program_name": "Music Theatre \u2013 General (Music Theatre) \u2013 Bachelor of Music Theatre", "program_link": "https://www.queensu.ca/academic-calendar/arts-science/schools-departments-programs/drama-music/music-theatre-general-music-theatre-bmt/"}
{"degree_name": "Drama and Music", "program_name": "Entrepreneurship, Innovation and Creativity Certificate", "program_link": "https://www.queensu.ca/academic-calendar/arts-science/schools-departments-programs/drama-music/entrepreneurship-innovation-creativity-certificate/"}
{"degree_name": "Economics", "program_name": "Politics, Philosophy and Economics \u2013 Specialization (Arts) \u2013 Bachelor of Arts (Honours)", "program_link": "https://www.queensu.ca/academic-calendar/arts-science/schools-departments-programs/economics/politics-philosophy-economics-specialization-arts-ba-honours/"}
{"degree_name": "Economics", "program_name": "Applied Economics \u2013 Major (Arts) \u2013 Bachelor of Arts (Honours)", "program_link": "https://www.queensu.ca/academic-calendar/arts-science/schools-departments-programs/economics/applied-economics-major-arts-ba-honours/"}
{"degree_name": "Economics", "program_name": "Economics \u2013 Major (Arts) \u2013 Bachelor of Arts (Honours)", "program_link": "https://www.queensu.ca/academic-calendar/arts-science/schools-departments-programs/economics/economics-major-arts-ba-honours/"}
{"degree_name": "Economics", "program_name": "Economics \u2013 Joint Honours (Arts) \u2013 Bachelor of Arts (Honours)", "program_link": "https://www.queensu.ca/academic-calendar/arts-science/schools-departments-programs/economics/economics-medial-arts-ba-honours/"}
{"degree_name": "Economics", "program_name": "Economics \u2013 General (Arts) \u2013 Bachelor of Arts", "program_link": "https://www.queensu.ca/academic-calendar/arts-science/schools-departments-programs/economics/economics-general-arts-ba/"}
{"degree_name": "Economics", "program_name": "Economics \u2013 Minor (Arts)", "program_link": "https://www.queensu.ca/academic-calendar/arts-science/schools-departments-programs/economics/economics-minor-arts/"}
{"degree_name": "Employment Relations", "program_name": "Employment Relations \u2013 General (Arts) \u2013 Bachelor of Arts", "program_link": "https://www.queensu.ca/academic-calendar/arts-science/schools-departments-programs/employment-relations/employment-relations-general-arts-ba/"}
{"degree_name": "Employment Relations", "program_name": "Employment Relations \u2013 Minor (Arts)", "program_link": "https://www.queensu.ca/academic-calendar/arts-science/schools-departments-programs/employment-relations/employment-relations-minor-arts/"}
{"degree_name": "Employment Relations", "program_name": "Employment Relations Certificate", "program_link": "https://www.queensu.ca/academic-calendar/arts-science/schools-departments-programs/employment-relations/employment-relations-certificate/"}
{"degree_name": "English", "program_name": "English Language and Literature \u2013 Major (Arts) \u2013 Bachelor of Arts (Honours)", "program_link": "https://www.queensu.ca/academic-calendar/arts-science/schools-departments-programs/english/english-language-literature-major-arts-ba-honours/"}
{"degree_name": "English", "program_name": "English Language and Literature \u2013 Joint Honours (Arts) \u2013 Bachelor of Arts (Honours)", "program_link": "https://www.queensu.ca/academic-calendar/arts-science/schools-departments-programs/english/english-language-literature-medial-arts-ba-honours/"}
{"degree_name": "English", "program_name": "English Language and Literature \u2013 General (Arts) \u2013 Bachelor of Arts", "program_link": "https://www.queensu.ca/academic-calendar/arts-science/schools-departments-programs/english/english-language-literature-general-arts-ba/"}
{"degree_name": "English", "program_name": "English Language and Literature \u2013 Minor (Arts)", "program_link": "https://www.queensu.ca/academic-calendar/arts-science/schools-departments-programs/english/english-language-literature-minor-arts/"}
{"degree_name": "Environmental Studies", "program_name": "Earth System Science \u2013 Specialization (Science) \u2013 Bachelor of Science (Honours)", "program_link": "https://www.queensu.ca/academic-calendar/arts-science/schools-departments-programs/environmental-studies/earth-system-science-specialization-science-bs-honours/"}
{"degree_name": "Environmental Studies", "program_name": "Environmental Biology \u2013 Specialization (Science) \u2013 Bachelor of Science (Honours)", "program_link": "https://www.queensu.ca/academic-calendar/arts-science/schools-departments-programs/environmental-studies/environmental-biology-specialization-science-bs-honours/"}
{"degree_name": "Environmental Studies", "program_name": "Environmental Chemistry \u2013 Specialization (Science) \u2013 Bachelor of Science (Honours)", "program_link": "https://www.queensu.ca/academic-calendar/arts-science/schools-departments-programs/environmental-studies/environmental-chemistry-specialization-science-bs-honours/"}
{"degree_name": "Environmental Studies", "program_name": "Environmental Geology \u2013 Specialization (Science) \u2013 Bachelor of Science (Honours)", "program_link": "https://www.queensu.ca/academic-calendar/arts-science/schools-departments-programs/environmental-studies/environmental-geology-specialization-science-bs-honours/"}
{"degree_name": "Environmental Studies", "program_name": "Environmental Life Sciences \u2013 Specialization (Science) \u2013 Bachelor of Science (Honours)", "program_link": "https://www.queensu.ca/academic-calendar/arts-science/schools-departments-programs/environmental-studies/environmental-life-science-specialization-science-bs-honours/"}
{"degree_name": "Environmental Studies", "program_name": "Environmental Toxicology \u2013 Specialization (Science) \u2013 Bachelor of Science (Honours)", "program_link": "https://www.queensu.ca/academic-calendar/arts-science/schools-departments-programs/environmental-studies/environmental-toxicology-specialization-science-bs-honours/"}
{"degree_name": "Environmental Studies", "program_name": "Environmental Science \u2013 Major (Science) \u2013 Bachelor of Science (Honours)", "program_link": "https://www.queensu.ca/academic-calendar/arts-science/schools-departments-programs/environmental-studies/environmental-science-major-science-bs-honours/"}
{"degree_name": "Environmental Studies", "program_name": "Environmental Studies \u2013 Major (Arts) \u2013 Bachelor of Arts (Honours)", "program_link": "https://www.queensu.ca/academic-calendar/arts-science/schools-departments-programs/environmental-studies/environmental-studies-major-arts-ba-honours/"}
{"degree_name": "Environmental Studies", "program_name": "Environmental Studies \u2013 Joint Honours (Arts) \u2013 Bachelor of Arts (Honours)", "program_link": "https://www.queensu.ca/academic-calendar/arts-science/schools-departments-programs/environmental-studies/environmental-studies-medial-arts-ba-honours/"}
{"degree_name": "Environmental Studies", "program_name": "Environmental Studies \u2013 General (Arts) \u2013 Bachelor of Arts", "program_link": "https://www.queensu.ca/academic-calendar/arts-science/schools-departments-programs/environmental-studies/environmental-studies-general-arts-ba/"}
{"degree_name": "Environmental Studies", "program_name": "Environmental Studies \u2013 Minor (Arts)", "program_link": "https://www.queensu.ca/academic-calendar/arts-science/schools-departments-programs/environmental-studies/environmental-studies-minor-arts/"}
{"degree_name": "Film and Media", "program_name": "Computing and the Creative Arts \u2013 Specialization (Arts) \u2013 Bachelor of Arts (Honours)", "program_link": "https://www.queensu.ca/academic-calendar/arts-science/schools-departments-programs/film-media/computing-creative-arts-specialization-arts-ba-honours/"}
{"degree_name": "Film and Media", "program_name": "Media and Performance Production \u2013 Specialization (Arts) \u2013 Bachelor of Arts (Honours)", "program_link": "https://www.queensu.ca/academic-calendar/arts-science/schools-departments-programs/film-media/media-performance-production-specialization-arts-ba-honours/"}
{"degree_name": "Film and Media", "program_name": "Film and Media \u2013 Major (Arts) \u2013 Bachelor of Arts (Honours)", "program_link": "https://www.queensu.ca/academic-calendar/arts-science/schools-departments-programs/film-media/film-media-major-arts-ba-honours/"}
{"degree_name": "Film and Media", "program_name": "Film and Media \u2013 Joint Honours (Arts) \u2013 Bachelor of Arts (Honours)", "program_link": "https://www.queensu.ca/academic-calendar/arts-science/schools-departments-programs/film-media/film-media-medial-arts-ba-honours/"}
{"degree_name": "Film and Media", "program_name": "Film and Media \u2013 General (Arts) \u2013 Bachelor of Arts", "program_link": "https://www.queensu.ca/academic-calendar/arts-science/schools-departments-programs/film-media/film-media-general-arts-ba/"}
{"degree_name": "Film and Media", "program_name": "Film and Media \u2013 Minor (Arts)", "program_link": "https://www.queensu.ca/academic-calendar/arts-science/schools-departments-programs/film-media/film-media-minor-arts/"}
{"degree_name": "Film and Media", "program_name": "Animation Theory and Practice Certificate", "program_link": "https://www.queensu.ca/academic-calendar/arts-science/schools-departments-programs/film-media/animation-theory-and-practice-certificate/"}
{"degree_name": "Film and Media", "program_name": "Media Studies Certificate", "program_link": "https://www.queensu.ca/academic-calendar/arts-science/schools-departments-programs/film-media/media-studies-certificate/"}
{"degree_name": "Fine Art", "program_name": "Fine Art (Visual Art) \u2013 Major \u2013 Bachelor of Fine Art (Honours)", "program_link": "https://www.queensu.ca/academic-calendar/arts-science/schools-departments-programs/fine-art/fine-art-visual-art-major-bfa-honours/"}
{"degree_name": "Fine Art", "program_name": "Fine Art (Visual Art) \u2013 General \u2013 Bachelor of Fine Art", "program_link": "https://www.queensu.ca/academic-calendar/arts-science/schools-departments-programs/fine-art/fine-art-visual-art-general-bfa/"}
{"degree_name": "French Studies", "program_name": "French Studies \u2013 Major (Arts) \u2013 Bachelor of Arts (Honours)", "program_link": "https://www.queensu.ca/academic-calendar/arts-science/schools-departments-programs/french-studies/french-studies-major-arts-ba-honours/"}
{"degree_name": "French Studies", "program_name": "French Studies \u2013 Joint Honours (Arts) \u2013 Bachelor of Arts (Honours)", "program_link": "https://www.queensu.ca/academic-calendar/arts-science/schools-departments-programs/french-studies/french-studies-medial-arts-ba-honours/"}
{"degree_name": "French Studies", "program_name": "French Studies \u2013 General (Arts) \u2013 Bachelor of Arts", "program_link": "https://www.queensu.ca/academic-calendar/arts-science/schools-departments-programs/french-studies/french-studies-general-arts-ba/"}
{"degree_name": "French Studies", "program_name": "French Studies \u2013 Minor (Arts)", "program_link": "https://www.queensu.ca/academic-calendar/arts-science/schools-departments-programs/french-studies/french-studies-minor-arts/"}
{"degree_name": "French Studies", "program_name": "French for Professionals Certificate", "program_link": "https://www.queensu.ca/academic-calendar/arts-science/schools-departments-programs/french-studies/french-professionals-certificate/"}
{"degree_name": "Gender Studies", "program_name": "Gender Studies \u2013 Major (Arts) \u2013 Bachelor of Arts (Honours)", "program_link": "https://www.queensu.ca/academic-calendar/arts-science/schools-departments-programs/gender-studies/gender-studies-major-arts-ba-honours/"}
{"degree_name": "Gender Studies", "program_name": "Gender Studies \u2013 Joint Honours (Arts) \u2013 Bachelor of Arts (Honours)", "program_link": "https://www.queensu.ca/academic-calendar/arts-science/schools-departments-programs/gender-studies/gender-studies-medial-arts-ba-honours/"}
{"degree_name": "Gender Studies", "program_name": "Black Studies \u2013 General (Arts) \u2013 Bachelor of Arts", "program_link": "https://www.queensu.ca/academic-calendar/arts-science/schools-departments-programs/gender-studies/black-studies-general-arts-ba/"}
{"degree_name": "Gender Studies", "program_name": "Black Studies \u2013 Minor (Arts)", "program_link": "https://www.queensu.ca/academic-calendar/arts-science/schools-departments-programs/gender-studies/black-studies-minor-arts/"}
{"degree_name": "Gender Studies", "program_name": "Gender Studies \u2013 General (Arts) \u2013 Bachelor of Arts", "program_link": "https://www.queensu.ca/academic-calendar/arts-science/schools-departments-programs/gender-studies/gender-studies-general-arts-ba/"}
{"degree_name": "Gender Studies", "program_name": "Gender Studies \u2013 Minor (Arts)", "program_link": "https://www.queensu.ca/academic-calendar/arts-science/schools-departments-programs/gender-studies/gender-studies-minor-arts/"}
{"degree_name": "Gender Studies", "program_name": "Sexual and Gender Diversity Certificate", "program_link": "https://www.queensu.ca/academic-calendar/arts-science/schools-departments-programs/gender-studies/sexual-gender-diversity-certificate/"}
{"degree_name": "Geography and Planning", "program_name": "Earth System Science \u2013 Specialization (Science) \u2013 Bachelor of Science (Honours)", "program_link": "https://www.queensu.ca/academic-calendar/arts-science/schools-departments-programs/geography-planning/earth-system-science-specialization-science-bs-honours/"}
{"degree_name": "Geography and Planning", "program_name": "Geography \u2013 Major (Arts) \u2013 Bachelor of Arts (Honours)", "program_link": "https://www.queensu.ca/academic-calendar/arts-science/schools-departments-programs/geography-planning/geography-major-arts-ba-honours/"}
{"degree_name": "Geography and Planning", "program_name": "Geography \u2013 Major (Science) \u2013 Bachelor of Science (Honours)", "program_link": "https://www.queensu.ca/academic-calendar/arts-science/schools-departments-programs/geography-planning/geography-major-science-bs-honours/"}
{"degree_name": "Geography and Planning", "program_name": "Geography \u2013 Joint Honours (Arts) \u2013 Bachelor of Arts (Honours)", "program_link": "https://www.queensu.ca/academic-calendar/arts-science/schools-departments-programs/geography-planning/geography-medial-arts-ba-honours/"}
{"degree_name": "Geography and Planning", "program_name": "Geography \u2013 General (Arts) \u2013 Bachelor of Arts", "program_link": "https://www.queensu.ca/academic-calendar/arts-science/schools-departments-programs/geography-planning/geography-general-arts-ba/"}
{"degree_name": "Geography and Planning", "program_name": "Geography \u2013 General (Science) \u2013 Bachelor of Science", "program_link": "https://www.queensu.ca/academic-calendar/arts-science/schools-departments-programs/geography-planning/geography-general-science-bs/"}
{"degree_name": "Geography and Planning", "program_name": "Geography \u2013 Minor (Arts)", "program_link": "https://www.queensu.ca/academic-calendar/arts-science/schools-departments-programs/geography-planning/geography-minor-arts/"}
{"degree_name": "Geography and Planning", "program_name": "Geography \u2013 Minor (Science)", "program_link": "https://www.queensu.ca/academic-calendar/arts-science/schools-departments-programs/geography-planning/geography-minor-science/"}
{"degree_name": "Geography and Planning", "program_name": "Geographic Information Science Certificate", "program_link": "https://www.queensu.ca/academic-calendar/arts-science/schools-departments-programs/geography-planning/geographic-information-science-certificate/"}
{"degree_name": "Geography and Planning", "program_name": "Urban Planning Studies Certificate", "program_link": "https://www.queensu.ca/academic-calendar/arts-science/schools-departments-programs/geography-planning/urban-planning-studies-certificate/"}
{"degree_name": "Geological Sciences and Geological Engineering", "program_name": "Environmental Geology \u2013 Specialization (Science) \u2013 Bachelor of Science (Honours)", "program_link": "https://www.queensu.ca/academic-calendar/arts-science/schools-departments-programs/geological-sciences-engineering/environmental-geology-specialization-science-bs-honours/"}
{"degree_name": "Geological Sciences and Geological Engineering", "program_name": "Geological Sciences \u2013 Specialization (Science) \u2013 Bachelor of Science (Honours)", "program_link": "https://www.queensu.ca/academic-calendar/arts-science/schools-departments-programs/geological-sciences-engineering/geology-specialization-science-bs-honours/"}
{"degree_name": "Geological Sciences and Geological Engineering", "program_name": "Geological Sciences \u2013 Major (Science) \u2013 Bachelor of Science (Honours)", "program_link": "https://www.queensu.ca/academic-calendar/arts-science/schools-departments-programs/geological-sciences-engineering/geology-major-science-bs-honours/"}
{"degree_name": "Geological Sciences and Geological Engineering", "program_name": "Geological Sciences \u2013 General (Arts) \u2013 Bachelor of Arts", "program_link": "https://www.queensu.ca/academic-calendar/arts-science/schools-departments-programs/geological-sciences-engineering/geology-general-arts-ba/"}
{"degree_name": "Geological Sciences and Geological Engineering", "program_name": "Geological Sciences \u2013 General (Science) \u2013 Bachelor of Science", "program_link": "https://www.queensu.ca/academic-calendar/arts-science/schools-departments-programs/geological-sciences-engineering/geology-general-science-bs/"}
{"degree_name": "Geological Sciences and Geological Engineering", "program_name": "Geological Sciences \u2013 Minor (Arts)", "program_link": "https://www.queensu.ca/academic-calendar/arts-science/schools-departments-programs/geological-sciences-engineering/geology-minor-arts/"}
{"degree_name": "Geological Sciences and Geological Engineering", "program_name": "Geological Sciences \u2013 Minor (Science)", "program_link": "https://www.queensu.ca/academic-calendar/arts-science/schools-departments-programs/geological-sciences-engineering/geology-minor-science/"}
{"degree_name": "Global Development Studies", "program_name": "Global Development Studies \u2013 Major (Arts) \u2013 Bachelor of Arts (Honours)", "program_link": "https://www.queensu.ca/academic-calendar/arts-science/schools-departments-programs/global-development-studies/global-development-studies-major-arts-ba-honours/"}
{"degree_name": "Global Development Studies", "program_name": "Global Development Studies \u2013 Joint Honours (Arts) \u2013 Bachelor of Arts (Honours)", "program_link": "https://www.queensu.ca/academic-calendar/arts-science/schools-departments-programs/global-development-studies/global-development-studies-medial-arts-ba-honours/"}
{"degree_name": "Global Development Studies", "program_name": "Global Development Studies \u2013 General (Arts) \u2013 Bachelor of Arts", "program_link": "https://www.queensu.ca/academic-calendar/arts-science/schools-departments-programs/global-development-studies/global-development-studies-general-arts-ba/"}
{"degree_name": "Global Development Studies", "program_name": "Global Development Studies \u2013 Minor (Arts)", "program_link": "https://www.queensu.ca/academic-calendar/arts-science/schools-departments-programs/global-development-studies/global-development-studies-minor-arts/"}
{"degree_name": "Global Development Studies", "program_name": "Global Action and Engagement Certificate", "program_link": "https://www.queensu.ca/academic-calendar/arts-science/schools-departments-programs/global-development-studies/global-action-engagement-certificate/"}
{"degree_name": "History", "program_name": "History \u2013 Major (Arts) \u2013 Bachelor of Arts (Honours)", "program_link": "https://www.queensu.ca/academic-calendar/arts-science/schools-departments-programs/history/history-major-arts-ba-honours/"}
{"degree_name": "History", "program_name": "History \u2013 Joint Honours (Arts) \u2013 Bachelor of Arts (Honours)", "program_link": "https://www.queensu.ca/academic-calendar/arts-science/schools-departments-programs/history/history-medial-arts-ba-honours/"}
{"degree_name": "History", "program_name": "History \u2013 General (Arts) \u2013 Bachelor of Arts", "program_link": "https://www.queensu.ca/academic-calendar/arts-science/schools-departments-programs/history/history-general-arts-ba/"}
{"degree_name": "History", "program_name": "History \u2013 Minor (Arts)", "program_link": "https://www.queensu.ca/academic-calendar/arts-science/schools-departments-programs/history/history-minor-arts/"}
{"degree_name": "International Studies", "program_name": "International Studies Certificate", "program_link": "https://www.queensu.ca/academic-calendar/arts-science/schools-departments-programs/international-studies/international-studies-certificate/"}
{"degree_name": "Jewish Studies", "program_name": "Jewish Studies \u2013 General (Arts) \u2013 Bachelor of Arts", "program_link": "https://www.queensu.ca/academic-calendar/arts-science/schools-departments-programs/jewish-studies/jewish-studies-general-arts-ba/"}
{"degree_name": "Jewish Studies", "program_name": "Jewish Studies \u2013 Minor (Arts)", "program_link": "https://www.queensu.ca/academic-calendar/arts-science/schools-departments-programs/jewish-studies/jewish-studies-minor-arts/"}
{"degree_name": "Kinesiology and Health Studies", "program_name": "Kinesiology \u2013 Specialization (Science) \u2013 Bachelor of Science (Honours)", "program_link": "https://www.queensu.ca/academic-calendar/arts-science/schools-departments-programs/kinesiology-health-studies/kinesiology-specialization-science-bs-honours/"}
{"degree_name": "Kinesiology and Health Studies", "program_name": "Health Studies \u2013 Major (Arts) \u2013 Bachelor of Arts (Honours)", "program_link": "https://www.queensu.ca/academic-calendar/arts-science/schools-departments-programs/kinesiology-health-studies/health-studies-major-arts-ba-honours/"}
{"degree_name": "Kinesiology and Health Studies", "program_name": "Health Studies \u2013 Joint Honours (Arts) \u2013 Bachelor of Arts (Honours)", "program_link": "https://www.queensu.ca/academic-calendar/arts-science/schools-departments-programs/kinesiology-health-studies/health-studies-medial-arts-ba-honours/"}
{"degree_name": "Kinesiology and Health Studies", "program_name": "Health Studies \u2013 General (Arts) \u2013 Bachelor of Arts", "program_link": "https://www.queensu.ca/academic-calendar/arts-science/schools-departments-programs/kinesiology-health-studies/health-studies-general-arts-ba/"}
{"degree_name": "Kinesiology and Health Studies", "program_name": "Health Studies \u2013 Minor (Arts)", "program_link": "https://www.queensu.ca/academic-calendar/arts-science/schools-departments-programs/kinesiology-health-studies/health-studies-minor-arts/"}
{"degree_name": "Kinesiology and Health Studies", "program_name": "Kinesiology \u2013 General (Science) \u2013 Bachelor of Science", "program_link": "https://www.queensu.ca/academic-calendar/arts-science/schools-departments-programs/kinesiology-health-studies/kinesiology-general-science-bs/"}
{"degree_name": "Kinesiology and Health Studies", "program_name": "Disability and Physical Activity Certificate", "program_link": "https://www.queensu.ca/academic-calendar/arts-science/schools-departments-programs/kinesiology-health-studies/disability-physical-activity-certificate/"}
{"degree_name": "Languages, Literatures and Cultures", "program_name": "Cognitive Science \u2013 Specialization (Computing) \u2013 Bachelor of Computing (Honours)", "program_link": "https://www.queensu.ca/academic-calendar/arts-science/schools-departments-programs/languages-literatures-cultures/cognitive-science-specialization-computing-bc-honours/"}
{"degree_name": "Languages, Literatures and Cultures", "program_name": "Hispanic Studies \u2013 Major (Arts) \u2013 Bachelor of Arts (Honours)", "program_link": "https://www.queensu.ca/academic-calendar/arts-science/schools-departments-programs/languages-literatures-cultures/hispanic-studies-major-arts-ba-honours/"}
{"degree_name": "Languages, Literatures and Cultures", "program_name": "Indigenous Studies \u2013 Major (Arts) \u2013 Bachelor of Arts (Honours)", "program_link": "https://www.queensu.ca/academic-calendar/arts-science/schools-departments-programs/languages-literatures-cultures/indg-major20/"}
{"degree_name": "Languages, Literatures and Cultures", "program_name": "Languages, Literatures and Cultures \u2013 Major (Arts) \u2013 Bachelor of Arts (Honours)", "program_link": "https://www.queensu.ca/academic-calendar/arts-science/schools-departments-programs/languages-literatures-cultures/literatures-major-ba-honours20/"}
{"degree_name": "Languages, Literatures and Cultures", "program_name": "Linguistics \u2013 Major (Arts) \u2013 Bachelor of Arts (Honours)", "program_link": "https://www.queensu.ca/academic-calendar/arts-science/schools-departments-programs/languages-literatures-cultures/linguistics-major-arts-ba-honours/"}
{"degree_name": "Languages, Literatures and Cultures", "program_name": "German Studies \u2013 Joint Honours (Arts) \u2013 Bachelor of Arts (Honours)", "program_link": "https://www.queensu.ca/academic-calendar/arts-science/schools-departments-programs/languages-literatures-cultures/german-studies-medial-arts-ba-honours/"}
{"degree_name": "Languages, Literatures and Cultures", "program_name": "Hispanic Studies \u2013 Joint Honours (Arts) \u2013 Bachelor of Arts (Honours)", "program_link": "https://www.queensu.ca/academic-calendar/arts-science/schools-departments-programs/languages-literatures-cultures/hispanic-studies-medial-arts-ba-honours/"}
{"degree_name": "Languages, Literatures and Cultures", "program_name": "Indigenous Studies \u2013  Joint Honours (Arts) \u2013 Bachelor of Arts (Honours)", "program_link": "https://www.queensu.ca/academic-calendar/arts-science/schools-departments-programs/languages-literatures-cultures/indg-medial/"}
{"degree_name": "Languages, Literatures and Cultures", "program_name": "Italian \u2013 Joint Honours (Arts) \u2013 Bachelor of Arts (Honours)", "program_link": "https://www.queensu.ca/academic-calendar/arts-science/schools-departments-programs/languages-literatures-cultures/italian-medial-arts-ba-honours/"}
{"degree_name": "Languages, Literatures and Cultures", "program_name": "German Studies \u2013 General (Arts) \u2013 Bachelor of Arts", "program_link": "https://www.queensu.ca/academic-calendar/arts-science/schools-departments-programs/languages-literatures-cultures/german-studies-general-arts-ba/"}
{"degree_name": "Languages, Literatures and Cultures", "program_name": "German Studies \u2013 Minor (Arts)", "program_link": "https://www.queensu.ca/academic-calendar/arts-science/schools-departments-programs/languages-literatures-cultures/german-studies-minor-arts/"}
{"degree_name": "Languages, Literatures and Cultures", "program_name": "Hispanic Studies \u2013 General (Arts) \u2013 Bachelor of Arts", "program_link": "https://www.queensu.ca/academic-calendar/arts-science/schools-departments-programs/languages-literatures-cultures/hispanic-studies-general-arts-ba/"}
{"degree_name": "Languages, Literatures and Cultures", "program_name": "Hispanic Studies \u2013 Minor (Arts)", "program_link": "https://www.queensu.ca/academic-calendar/arts-science/schools-departments-programs/languages-literatures-cultures/hispanic-studies-minor-arts/"}
{"degree_name": "Languages, Literatures and Cultures", "program_name": "Indigenous Studies \u2013 General (Arts) \u2013 Bachelor of Arts", "program_link": "https://www.queensu.ca/academic-calendar/arts-science/schools-departments-programs/languages-literatures-cultures/indigenous-studies-general-arts-ba/"}
{"degree_name": "Languages, Literatures and Cultures", "program_name": "Indigenous Studies \u2013 Minor (Arts)", "program_link": "https://www.queensu.ca/academic-calendar/arts-science/schools-departments-programs/languages-literatures-cultures/indigenous-studies-minor-arts/"}
{"degree_name": "Languages, Literatures and Cultures", "program_name": "Indigenous Languages and Cultures Certificate", "program_link": "https://www.queensu.ca/academic-calendar/arts-science/schools-departments-programs/languages-literatures-cultures/indigenous-languages-cultures-certificate/"}
{"degree_name": "Languages, Literatures and Cultures", "program_name": "Italian \u2013 General (Arts) \u2013 Bachelor of Arts", "program_link": "https://www.queensu.ca/academic-calendar/arts-science/schools-departments-programs/languages-literatures-cultures/italian-general-arts-ba/"}
{"degree_name": "Languages, Literatures and Cultures", "program_name": "Italian \u2013 Minor (Arts)", "program_link": "https://www.queensu.ca/academic-calendar/arts-science/schools-departments-programs/languages-literatures-cultures/italian-minor-arts/"}
{"degree_name": "Languages, Literatures and Cultures", "program_name": "Linguistics \u2013 General (Arts) \u2013 Bachelor of Arts", "program_link": "https://www.queensu.ca/academic-calendar/arts-science/schools-departments-programs/languages-literatures-cultures/linguistics-general-arts-ba/"}
{"degree_name": "Languages, Literatures and Cultures", "program_name": "Linguistics \u2013 Minor (Arts)", "program_link": "https://www.queensu.ca/academic-calendar/arts-science/schools-departments-programs/languages-literatures-cultures/linguistics-minor-arts/"}
{"degree_name": "Languages, Literatures and Cultures", "program_name": "Spanish and Latin American Studies \u2013 General (Arts) \u2013 Bachelor of Arts", "program_link": "https://www.queensu.ca/academic-calendar/arts-science/schools-departments-programs/languages-literatures-cultures/spanish-latin-american-studies-general-arts-ba/"}
{"degree_name": "Languages, Literatures and Cultures", "program_name": "Spanish and Latin American Studies \u2013 Minor (Arts)", "program_link": "https://www.queensu.ca/academic-calendar/arts-science/schools-departments-programs/languages-literatures-cultures/spanish-latin-american-studies-minor-arts/"}
{"degree_name": "Languages, Literatures and Cultures", "program_name": "World Language Studies \u2013 General (Arts) \u2013 Bachelor of Arts", "program_link": "https://www.queensu.ca/academic-calendar/arts-science/schools-departments-programs/languages-literatures-cultures/world-language-studies-general-arts-ba/"}
{"degree_name": "Languages, Literatures and Cultures", "program_name": "World Language Studies \u2013 Minor (Arts)", "program_link": "https://www.queensu.ca/academic-calendar/arts-science/schools-departments-programs/languages-literatures-cultures/world-language-studies-minor-arts/"}
{"degree_name": "Languages, Literatures and Cultures", "program_name": "Indigenous Languages and Cultures Certificate", "program_link": "https://www.queensu.ca/academic-calendar/arts-science/schools-departments-programs/languages-literatures-cultures/indigenous-languages-cultures-certificate/"}
{"degree_name": "Languages, Literatures and Cultures", "program_name": "Mohawk Language and Culture Certificate", "program_link": "https://www.queensu.ca/academic-calendar/arts-science/schools-departments-programs/languages-literatures-cultures/mohawk-language-culture-certificate/"}
{"degree_name": "Liberal Studies", "program_name": "Liberal Studies \u2013 General (Arts) \u2013 Bachelor of Arts", "program_link": "https://www.queensu.ca/academic-calendar/arts-science/schools-departments-programs/liberal-studies/liberal-studies-general-arts-ba1/"}
{"degree_name": "Liberal Studies", "program_name": "Liberal Studies \u2013 Minor (Arts)", "program_link": "https://www.queensu.ca/academic-calendar/arts-science/schools-departments-programs/liberal-studies/liberal-studies-minor-arts/"}
{"degree_name": "Life Sciences", "program_name": "Environmental Life Sciences \u2013 Specialization (Science) \u2013 Bachelor of Science (Honours)", "program_link": "https://www.queensu.ca/academic-calendar/arts-science/schools-departments-programs/life-sciences/environmental-life-science-specialization-science-bs-honours/"}
{"degree_name": "Life Sciences", "program_name": "Life Sciences \u2013 Specialization (Science) \u2013 Bachelor of Science (Honours)", "program_link": "https://www.queensu.ca/academic-calendar/arts-science/schools-departments-programs/life-sciences/life-sciences-specialization-science-bs-honours/"}
{"degree_name": "Life Sciences", "program_name": "Life Sciences \u2013 Major (Science) \u2013 Bachelor of Science (Honours)", "program_link": "https://www.queensu.ca/academic-calendar/arts-science/schools-departments-programs/life-sciences/life-sciences-major-science-bs-honours/"}
{"degree_name": "Life Sciences", "program_name": "Life Sciences \u2013 General (Science) \u2013 Bachelor of Science", "program_link": "https://www.queensu.ca/academic-calendar/arts-science/schools-departments-programs/life-sciences/life-sciences-general-science-bs/"}
{"degree_name": "Life Sciences", "program_name": "Life Sciences \u2013 Minor (Science)", "program_link": "https://www.queensu.ca/academic-calendar/arts-science/schools-departments-programs/life-sciences/life-sciences-minor-science/"}
{"degree_name": "Mathematics and Statistics", "program_name": "Biology and Mathematics \u2013 Specialization (Science) \u2013 Bachelor of Science (Honours)", "program_link": "https://www.queensu.ca/academic-calendar/arts-science/schools-departments-programs/mathematics-statistics/biology-mathematics-specialization-science-bs-honours/"}
{"degree_name": "Mathematics and Statistics", "program_name": "Computing, Mathematics and Analytics \u2013 Specialization (Computing) \u2013 Bachelor of Computing (Honours)", "program_link": "https://www.queensu.ca/academic-calendar/arts-science/schools-departments-programs/mathematics-statistics/computing-mathematics-analytics-specialization-computing-bs-honours/"}
{"degree_name": "Mathematics and Statistics", "program_name": "Mathematical Physics \u2013 Specialization (Science) \u2013 Bachelor of Science (Honours)", "program_link": "https://www.queensu.ca/academic-calendar/arts-science/schools-departments-programs/mathematics-statistics/mathematical-physics-specialization-science-bs-honours/"}
{"degree_name": "Mathematics and Statistics", "program_name": "Mathematics \u2013 Major (Science) \u2013 Bachelor of Science (Honours)", "program_link": "https://www.queensu.ca/academic-calendar/arts-science/schools-departments-programs/mathematics-statistics/mathematics-major-science-bs-honours/"}
{"degree_name": "Mathematics and Statistics", "program_name": "Statistics \u2013 Major (Science) \u2013 Bachelor of Science (Honours)", "program_link": "https://www.queensu.ca/academic-calendar/arts-science/schools-departments-programs/mathematics-statistics/statistics-major-science-bs-honours/"}
{"degree_name": "Mathematics and Statistics", "program_name": "Mathematics \u2013 Joint Honours (Arts) \u2013 Bachelor of Arts (Honours)", "program_link": "https://www.queensu.ca/academic-calendar/arts-science/schools-departments-programs/mathematics-statistics/mathematics-medial-arts-bs-honours/"}
{"degree_name": "Mathematics and Statistics", "program_name": "Statistics \u2013 Joint Honours (Arts) \u2013 Bachelor of Arts (Honours)", "program_link": "https://www.queensu.ca/academic-calendar/arts-science/schools-departments-programs/mathematics-statistics/statistics-medial-arts-ba-honours/"}
{"degree_name": "Mathematics and Statistics", "program_name": "Mathematics \u2013 General (Arts) \u2013 Bachelor of Arts", "program_link": "https://www.queensu.ca/academic-calendar/arts-science/schools-departments-programs/mathematics-statistics/mathematics-general-arts-ba/"}
{"degree_name": "Mathematics and Statistics", "program_name": "Mathematics \u2013 General (Science) \u2013 Bachelor of Science", "program_link": "https://www.queensu.ca/academic-calendar/arts-science/schools-departments-programs/mathematics-statistics/mathematics-general-science-bs/"}
{"degree_name": "Mathematics and Statistics", "program_name": "Mathematics \u2013 Minor (Arts)", "program_link": "https://www.queensu.ca/academic-calendar/arts-science/schools-departments-programs/mathematics-statistics/mathematics-minor-arts/"}
{"degree_name": "Mathematics and Statistics", "program_name": "Mathematics \u2013 Minor (Science)", "program_link": "https://www.queensu.ca/academic-calendar/arts-science/schools-departments-programs/mathematics-statistics/mathematics-minor-science/"}
{"degree_name": "Mathematics and Statistics", "program_name": "Statistics \u2013 General (Arts) \u2013 Bachelor of Arts", "program_link": "https://www.queensu.ca/academic-calendar/arts-science/schools-departments-programs/mathematics-statistics/statistics-general-arts-ba/"}
{"degree_name": "Mathematics and Statistics", "program_name": "Statistics \u2013 General (Science) \u2013 Bachelor of Science", "program_link": "https://www.queensu.ca/academic-calendar/arts-science/schools-departments-programs/mathematics-statistics/statistics-general-science-bs/"}
{"degree_name": "Mathematics and Statistics", "program_name": "Statistics \u2013 Minor (Arts)", "program_link": "https://www.queensu.ca/academic-calendar/arts-science/schools-departments-programs/mathematics-statistics/statistics-minor-arts/"}
{"degree_name": "Mathematics and Statistics", "program_name": "Statistics \u2013 Minor (Science)", "program_link": "https://www.queensu.ca/academic-calendar/arts-science/schools-departments-programs/mathematics-statistics/statistics-minor-science/"}
{"degree_name": "Philosophy", "program_name": "Cognitive Science \u2013 Specialization (Computing) \u2013 Bachelor of Computing (Honours)", "program_link": "https://www.queensu.ca/academic-calendar/arts-science/schools-departments-programs/philosophy/cognitive-science-specialization-computing-bc-honours/"}
{"degree_name": "Philosophy", "program_name": "Politics, Philosophy and Economics \u2013 Specialization (Arts) \u2013 Bachelor of Arts (Honours)", "program_link": "https://www.queensu.ca/academic-calendar/arts-science/schools-departments-programs/philosophy/politics-philosophy-economics-specialization-arts-ba-honours/"}
{"degree_name": "Philosophy", "program_name": "Philosophy \u2013 Major (Arts) \u2013 Bachelor of Arts (Honours)", "program_link": "https://www.queensu.ca/academic-calendar/arts-science/schools-departments-programs/philosophy/philosophy-ba-honours/"}
{"degree_name": "Philosophy", "program_name": "Philosophy \u2013 Joint Honours (Arts) \u2013 Bachelor of Arts (Honours)", "program_link": "https://www.queensu.ca/academic-calendar/arts-science/schools-departments-programs/philosophy/philosophy-medial-ba-honours/"}
{"degree_name": "Philosophy", "program_name": "Philosophy \u2013 General (Arts) \u2013 Bachelor of Arts", "program_link": "https://www.queensu.ca/academic-calendar/arts-science/schools-departments-programs/philosophy/philosophy-general-ba/"}
{"degree_name": "Philosophy", "program_name": "Philosophy \u2013 Minor (Arts)", "program_link": "https://www.queensu.ca/academic-calendar/arts-science/schools-departments-programs/philosophy/philosophy-minor/"}
{"degree_name": "Physics, Engineering Physics and Astronomy", "program_name": "Astrophysics \u2013 Specialization (Science) \u2013 Bachelor of Science (Honours)", "program_link": "https://www.queensu.ca/academic-calendar/arts-science/schools-departments-programs/physics-engineering-astronomy/astrophysics-specialization-science-bs-honours/"}
{"degree_name": "Physics, Engineering Physics and Astronomy", "program_name": "Mathematical Physics \u2013 Specialization (Science) \u2013 Bachelor of Science (Honours)", "program_link": "https://www.queensu.ca/academic-calendar/arts-science/schools-departments-programs/physics-engineering-astronomy/mathematical-physics-specialization-science-bs-honours/"}
{"degree_name": "Physics, Engineering Physics and Astronomy", "program_name": "Physics \u2013 Specialization (Science) \u2013 Bachelor of Science (Honours)", "program_link": "https://www.queensu.ca/academic-calendar/arts-science/schools-departments-programs/physics-engineering-astronomy/physics-specialization-science-bs-honours/"}
{"degree_name": "Physics, Engineering Physics and Astronomy", "program_name": "Physics \u2013 Major (Science) \u2013 Bachelor of Science (Honours)", "program_link": "https://www.queensu.ca/academic-calendar/arts-science/schools-departments-programs/physics-engineering-astronomy/physics-major-science-bs-honours/"}
{"degree_name": "Physics, Engineering Physics and Astronomy", "program_name": "Physics \u2013 General (Arts) \u2013 Bachelor of Arts", "program_link": "https://www.queensu.ca/academic-calendar/arts-science/schools-departments-programs/physics-engineering-astronomy/physics-general-arts-ba/"}
{"degree_name": "Physics, Engineering Physics and Astronomy", "program_name": "Physics \u2013 General (Science) \u2013 Bachelor of Science", "program_link": "https://www.queensu.ca/academic-calendar/arts-science/schools-departments-programs/physics-engineering-astronomy/physics-general-science-bs/"}
{"degree_name": "Physics, Engineering Physics and Astronomy", "program_name": "Physics \u2013 Minor (Arts)", "program_link": "https://www.queensu.ca/academic-calendar/arts-science/schools-departments-programs/physics-engineering-astronomy/physics-minor-arts/"}
{"degree_name": "Physics, Engineering Physics and Astronomy", "program_name": "Physics \u2013 Minor (Science)", "program_link": "https://www.queensu.ca/academic-calendar/arts-science/schools-departments-programs/physics-engineering-astronomy/physics-minor-science/"}
{"degree_name": "Political Studies", "program_name": "Politics, Philosophy and Economics \u2013 Specialization (Arts) \u2013 Bachelor of Arts (Honours)", "program_link": "https://www.queensu.ca/academic-calendar/arts-science/schools-departments-programs/political-studies/politics-philosophy-economics-specialization-arts-ba-honours/"}
{"degree_name": "Political Studies", "program_name": "Political Studies \u2013 Major (Arts) \u2013 Bachelor of Arts (Honours)", "program_link": "https://www.queensu.ca/academic-calendar/arts-science/schools-departments-programs/political-studies/political-studies-major-arts-ba-honours/"}
{"degree_name": "Political Studies", "program_name": "Political Studies \u2013 Joint Honours (Arts) \u2013 Bachelor of Arts (Honours)", "program_link": "https://www.queensu.ca/academic-calendar/arts-science/schools-departments-programs/political-studies/political-studies-medial-arts-ba-honours/"}
{"degree_name": "Political Studies", "program_name": "Political Studies \u2013 General (Arts) \u2013 Bachelor of Arts", "program_link": "https://www.queensu.ca/academic-calendar/arts-science/schools-departments-programs/political-studies/political-studies-general-arts-ba/"}
{"degree_name": "Political Studies", "program_name": "Political Studies \u2013 Minor (Arts)", "program_link": "https://www.queensu.ca/academic-calendar/arts-science/schools-departments-programs/political-studies/political-studies-minor-arts/"}
{"degree_name": "Psychology", "program_name": "Biology and Psychology \u2013 Specialization (Science) \u2013 Bachelor of Science (Honours)", "program_link": "https://www.queensu.ca/academic-calendar/arts-science/schools-departments-programs/psychology/biology-psychology-specialization-science-bs-honours/"}
{"degree_name": "Psychology", "program_name": "Cognitive Science \u2013 Specialization (Computing) \u2013 Bachelor of Computing (Honours)", "program_link": "https://www.queensu.ca/academic-calendar/arts-science/schools-departments-programs/psychology/cognitive-science-specialization-computing-bc-honours/"}
{"degree_name": "Psychology", "program_name": "Psychology \u2013 Major (Arts) \u2013 Bachelor of Arts (Honours)", "program_link": "https://www.queensu.ca/academic-calendar/arts-science/schools-departments-programs/psychology/psychology-major-arts-ba-honours/"}
{"degree_name": "Psychology", "program_name": "Psychology \u2013 Major (Science) \u2013 Bachelor of Science (Honours)", "program_link": "https://www.queensu.ca/academic-calendar/arts-science/schools-departments-programs/psychology/psychology-major-science-bs-honours/"}
{"degree_name": "Psychology", "program_name": "Psychology \u2013 Joint Honours (Arts) \u2013 Bachelor of Arts (Honours)", "program_link": "https://www.queensu.ca/academic-calendar/arts-science/schools-departments-programs/psychology/psychology-medial-arts-ba-honours/"}
{"degree_name": "Psychology", "program_name": "Psychology \u2013 General (Arts) \u2013 Bachelor of Arts", "program_link": "https://www.queensu.ca/academic-calendar/arts-science/schools-departments-programs/psychology/psychology-general-arts-ba/"}
{"degree_name": "Psychology", "program_name": "Psychology \u2013 Minor (Arts)", "program_link": "https://www.queensu.ca/academic-calendar/arts-science/schools-departments-programs/psychology/psychology-minor-arts/"}
{"degree_name": "Religion", "program_name": "Religious Studies \u2013 Major (Arts) \u2013 Bachelor of Arts (Honours)", "program_link": "https://www.queensu.ca/academic-calendar/arts-science/schools-departments-programs/religious-studies/religious-studies-major-arts-ba-honours/"}
{"degree_name": "Religion", "program_name": "Religious Studies \u2013 Joint Honours (Arts) \u2013 Bachelor of Arts (Honours)", "program_link": "https://www.queensu.ca/academic-calendar/arts-science/schools-departments-programs/religious-studies/religious-studies-medial-arts-ba-honours/"}
{"degree_name": "Religion", "program_name": "Religious Studies \u2013 General (Arts) \u2013 Bachelor of Arts", "program_link": "https://www.queensu.ca/academic-calendar/arts-science/schools-departments-programs/religious-studies/religious-studies-general-arts-ba/"}
{"degree_name": "Religion", "program_name": "Religious Studies \u2013 Minor (Arts)", "program_link": "https://www.queensu.ca/academic-calendar/arts-science/schools-departments-programs/religious-studies/religious-studies-minor-arts/"}
{"degree_name": "Sociology", "program_name": "Sociology \u2013 Major (Arts) \u2013 Bachelor of Arts (Honours)", "program_link": "https://www.queensu.ca/academic-calendar/arts-science/schools-departments-programs/sociology/sociology-major-arts-ba-honours/"}
{"degree_name": "Sociology", "program_name": "Sociology \u2013 Joint Honours (Arts) \u2013 Bachelor of Arts (Honours)", "program_link": "https://www.queensu.ca/academic-calendar/arts-science/schools-departments-programs/sociology/sociology-medial-arts-ba-honours/"}
{"degree_name": "Sociology", "program_name": "Sociology \u2013 General (Arts) \u2013 Bachelor of Arts", "program_link": "https://www.queensu.ca/academic-calendar/arts-science/schools-departments-programs/sociology/sociology-general-arts-ba/"}
{"degree_name": "Sociology", "program_name": "Sociology \u2013 Minor (Arts)", "program_link": "https://www.queensu.ca/academic-calendar/arts-science/schools-departments-programs/sociology/sociology-minor-arts/"}
